filename,folder,processed
27.jpg,academia,True
347.jpg,academia,True
289.jpg,academia,True
74.jpeg,academia,True
57.jpg,academia,True
108.jpeg,academia,True
265.jpg,academia,True
236.jpg,academia,True
19.jpg,academia,True
142.jpeg,academia,True
2.jpg,academia,True
114.jpeg,academia,True
241.jpg,academia,True
122.jpeg,academia,True
132.jpeg,academia,True
47.jpg,academia,True
113.jpeg,academia,True
200.jpg,academia,True
64.jpeg,academia,True
120.jpeg,academia,True
257.jpg,academia,True
348.jpg,academia,True
228.jpg,academia,True
137.jpeg,academia,True
1.jpg,academia,True
15.jpg,academia,True
54.jpg,academia,True
48.jpg,academia,True
80.jpeg,academia,True
233.jpg,academia,True
129.jpeg,academia,True
270.jpg,academia,True
277.jpg,academia,True
234.jpg,academia,True
43.jpg,academia,True
67.jpeg,academia,True
320.jpg,academia,True
135.jpeg,academia,True
65.jpeg,academia,True
28.jpg,academia,True
167.jpeg,academia,True
152.jpeg,academia,True
261.jpg,academia,True
69.jpeg,academia,True
11.jpg,academia,True
29.jpg,academia,True
104.jpeg,academia,True
312.jpg,academia,True
268.jpg,academia,True
326.jpg,academia,True
218.jpg,academia,True
197.jpg,academia,True
243.jpg,academia,True
242.jpg,academia,True
189.jpg,academia,True
349.jpg,academia,True
154.jpeg,academia,True
34.jpg,academia,True
184.jpg,academia,True
258.jpg,academia,True
285.jpg,academia,True
295.jpg,academia,True
292.jpg,academia,True
273.jpg,academia,True
45.jpg,academia,True
210.jpg,academia,True
86.jpeg,academia,True
44.jpg,academia,True
141.jpeg,academia,True
180.jpg,academia,True
333.jpg,academia,True
290.jpg,academia,True
272.jpg,academia,True
178.jpeg,academia,True
262.jpg,academia,True
202.jpg,academia,True
119.jpeg,academia,True
71.jpeg,academia,True
116.jpeg,academia,True
10.jpg,academia,True
174.jpeg,academia,True
125.jpeg,academia,True
42.jpg,academia,True
301.jpg,academia,True
84.jpeg,academia,True
150.jpeg,academia,True
269.jpg,academia,True
170.jpeg,academia,True
206.jpg,academia,True
159.jpeg,academia,True
163.jpeg,academia,True
299.jpg,academia,True
194.jpg,academia,True
130.jpeg,academia,True
252.jpg,academia,True
118.jpeg,academia,True
121.jpeg,academia,True
106.jpeg,academia,True
316.jpg,academia,True
212.jpg,academia,True
280.jpg,academia,True
266.jpg,academia,True
6.jpg,academia,True
328.jpg,academia,True
246.jpg,academia,True
46.jpg,academia,True
63.jpeg,academia,True
192.jpg,academia,True
230.jpg,academia,True
188.jpg,academia,True
115.jpeg,academia,True
325.jpg,academia,True
177.jpeg,academia,True
195.jpg,academia,True
147.jpeg,academia,True
56.jpg,academia,True
274.jpg,academia,True
171.jpeg,academia,True
166.jpeg,academia,True
111.jpeg,academia,True
346.jpg,academia,True
208.jpg,academia,True
37.jpg,academia,True
294.jpg,academia,True
139.jpeg,academia,True
87.jpeg,academia,True
253.jpg,academia,True
162.jpeg,academia,True
8.jpg,academia,True
264.jpg,academia,True
72.jpeg,academia,True
7.jpg,academia,True
75.jpeg,academia,True
58.jpg,academia,True
335.jpg,academia,True
145.jpeg,academia,True
151.jpeg,academia,True
305.jpg,academia,True
309.jpg,academia,True
341.jpg,academia,True
20.jpg,academia,True
263.jpg,academia,True
344.jpg,academia,True
62.jpeg,academia,True
128.jpeg,academia,True
223.jpg,academia,True
103.jpeg,academia,True
205.jpg,academia,True
140.jpeg,academia,True
123.jpeg,academia,True
214.jpg,academia,True
244.jpg,academia,True
319.jpg,academia,True
89.jpeg,academia,True
158.jpeg,academia,True
250.jpg,academia,True
153.jpeg,academia,True
281.jpg,academia,True
172.jpeg,academia,True
217.jpg,academia,True
238.jpg,academia,True
219.jpg,academia,True
339.jpg,academia,True
169.jpeg,academia,True
73.jpeg,academia,True
247.jpg,academia,True
311.jpg,academia,True
79.jpeg,academia,True
133.jpeg,academia,True
232.jpg,academia,True
279.jpg,academia,True
298.jpg,academia,True
337.jpg,academia,True
38.jpg,academia,True
49.jpg,academia,True
203.jpg,academia,True
138.jpeg,academia,True
59.jpg,academia,True
297.jpg,academia,True
185.jpg,academia,True
134.jpeg,academia,True
39.jpg,academia,True
176.jpeg,academia,True
323.jpg,academia,True
3.jpg,academia,True
127.jpeg,academia,True
330.jpg,academia,True
77.jpeg,academia,True
52.jpg,academia,True
30.jpg,academia,True
221.jpg,academia,True
50.jpg,academia,True
85.jpeg,academia,True
99.jpeg,academia,True
215.jpg,academia,True
213.jpg,academia,True
26.jpg,academia,True
338.jpg,academia,True
329.jpg,academia,True
35.jpg,academia,True
51.jpg,academia,True
345.jpg,academia,True
61.jpeg,academia,True
293.jpg,academia,True
276.jpg,academia,True
187.jpg,academia,True
222.jpg,academia,True
237.jpg,academia,True
249.jpg,academia,True
196.jpg,academia,True
146.jpeg,academia,True
144.jpeg,academia,True
304.jpg,academia,True
155.jpeg,academia,True
307.jpg,academia,True
183.jpg,academia,True
88.jpeg,academia,True
93.jpeg,academia,True
165.jpeg,academia,True
254.jpg,academia,True
160.jpeg,academia,True
198.jpg,academia,True
245.jpg,academia,True
36.jpg,academia,True
193.jpg,academia,True
110.jpeg,academia,True
248.jpg,academia,True
336.jpg,academia,True
143.jpeg,academia,True
53.jpg,academia,True
81.jpeg,academia,True
332.jpg,academia,True
23.jpg,academia,True
173.jpeg,academia,True
224.jpg,academia,True
302.jpg,academia,True
209.jpg,academia,True
22.jpg,academia,True
161.jpeg,academia,True
24.jpg,academia,True
91.jpeg,academia,True
271.jpg,academia,True
296.jpg,academia,True
40.jpg,academia,True
191.jpg,academia,True
315.jpg,academia,True
181.jpg,academia,True
131.jpeg,academia,True
306.jpg,academia,True
199.jpg,academia,True
13.jpg,academia,True
226.jpg,academia,True
31.jpg,academia,True
97.jpeg,academia,True
331.jpg,academia,True
16.jpg,academia,True
313.jpg,academia,True
225.jpg,academia,True
235.jpg,academia,True
186.jpg,academia,True
343.jpg,academia,True
204.jpg,academia,True
107.jpeg,academia,True
12.jpg,academia,True
211.jpg,academia,True
300.jpg,academia,True
18.jpg,academia,True
101.jpeg,academia,True
284.jpg,academia,True
112.jpeg,academia,True
94.jpeg,academia,True
83.jpeg,academia,True
148.jpeg,academia,True
278.jpg,academia,True
90.jpeg,academia,True
66.jpeg,academia,True
21.jpg,academia,True
102.jpeg,academia,True
25.jpg,academia,True
105.jpeg,academia,True
769.jpg,alt,True
872.jpg,alt,True
917.jpg,alt,True
1045.jpg,alt,True
850.jpg,alt,True
823.jpg,alt,True
938.jpg,alt,True
968.jpg,alt,True
1000.jpg,alt,True
949.jpg,alt,True
750.jpg,alt,True
802.jpeg,alt,True
909.jpg,alt,True
1037.jpg,alt,True
784.jpg,alt,True
892.jpg,alt,True
755.jpg,alt,True
897.jpg,alt,True
814.jpeg,alt,True
711.jpg,alt,True
1041.jpg,alt,True
1033.jpg,alt,True
870.jpg,alt,True
1001.jpg,alt,True
801.jpeg,alt,True
929.jpg,alt,True
1015.jpg,alt,True
996.jpg,alt,True
783.jpg,alt,True
739.jpg,alt,True
833.jpg,alt,True
830.jpg,alt,True
758.jpg,alt,True
1013.jpg,alt,True
902.jpg,alt,True
804.jpeg,alt,True
884.jpg,alt,True
1018.jpg,alt,True
948.jpg,alt,True
857.jpg,alt,True
954.jpg,alt,True
881.jpg,alt,True
888.jpg,alt,True
1040.jpg,alt,True
808.jpeg,alt,True
849.jpg,alt,True
790.png,alt,True
970.jpg,alt,True
834.jpg,alt,True
746.jpg,alt,True
946.jpg,alt,True
843.jpg,alt,True
789.png,alt,True
886.jpg,alt,True
980.jpg,alt,True
997.jpg,alt,True
840.jpg,alt,True
844.jpg,alt,True
730.jpg,alt,True
921.jpg,alt,True
751.jpg,alt,True
797.jpeg,alt,True
891.jpg,alt,True
761.jpg,alt,True
989.jpg,alt,True
774.jpg,alt,True
775.jpg,alt,True
905.jpg,alt,True
965.jpg,alt,True
716.jpg,alt,True
887.jpg,alt,True
963.jpg,alt,True
925.jpg,alt,True
835.jpg,alt,True
863.jpg,alt,True
960.jpg,alt,True
875.jpg,alt,True
806.jpeg,alt,True
898.jpg,alt,True
890.jpg,alt,True
854.jpg,alt,True
967.jpg,alt,True
807.jpeg,alt,True
768.jpg,alt,True
991.jpg,alt,True
883.jpg,alt,True
878.jpg,alt,True
952.jpg,alt,True
743.jpg,alt,True
859.jpg,alt,True
820.jpeg,alt,True
780.jpg,alt,True
919.jpg,alt,True
707.jpg,alt,True
933.jpg,alt,True
910.jpg,alt,True
720.jpg,alt,True
1022.jpg,alt,True
966.jpg,alt,True
740.jpg,alt,True
940.jpg,alt,True
841.jpg,alt,True
795.jpeg,alt,True
978.jpg,alt,True
856.jpg,alt,True
824.jpg,alt,True
901.jpg,alt,True
817.jpeg,alt,True
703.jpg,alt,True
829.jpg,alt,True
765.jpg,alt,True
714.jpg,alt,True
705.jpg,alt,True
759.jpg,alt,True
1046.jpg,alt,True
983.jpg,alt,True
911.jpg,alt,True
719.png,alt,True
877.jpg,alt,True
747.jpg,alt,True
975.jpg,alt,True
800.jpeg,alt,True
731.jpg,alt,True
837.jpg,alt,True
728.jpg,alt,True
851.jpg,alt,True
947.jpg,alt,True
767.jpg,alt,True
1042.jpg,alt,True
710.jpg,alt,True
832.jpg,alt,True
1021.jpg,alt,True
869.jpg,alt,True
893.jpg,alt,True
990.jpg,alt,True
1017.jpg,alt,True
810.jpeg,alt,True
1026.jpg,alt,True
753.jpg,alt,True
972.jpg,alt,True
894.jpg,alt,True
955.jpg,alt,True
1016.jpg,alt,True
918.jpg,alt,True
928.jpg,alt,True
752.jpg,alt,True
1038.jpg,alt,True
986.jpg,alt,True
1035.jpg,alt,True
889.jpg,alt,True
717.jpg,alt,True
831.jpg,alt,True
935.jpg,alt,True
749.jpg,alt,True
813.jpeg,alt,True
821.jpeg,alt,True
727.jpg,alt,True
792.jpeg,alt,True
865.jpg,alt,True
723.jpg,alt,True
766.jpg,alt,True
722.jpg,alt,True
706.jpg,alt,True
953.jpg,alt,True
941.jpg,alt,True
827.jpg,alt,True
1050.jpg,alt,True
726.jpg,alt,True
779.jpg,alt,True
785.jpg,alt,True
944.jpg,alt,True
772.jpg,alt,True
1023.jpg,alt,True
937.jpg,alt,True
818.jpeg,alt,True
839.jpg,alt,True
798.jpeg,alt,True
979.jpg,alt,True
805.jpeg,alt,True
864.jpg,alt,True
981.jpg,alt,True
1044.jpg,alt,True
1039.jpg,alt,True
931.jpg,alt,True
951.jpg,alt,True
988.jpg,alt,True
1027.jpg,alt,True
764.jpg,alt,True
776.jpg,alt,True
737.jpg,alt,True
725.jpg,alt,True
738.jpg,alt,True
977.jpg,alt,True
992.jpg,alt,True
860.jpg,alt,True
1004.jpg,alt,True
934.jpg,alt,True
927.jpg,alt,True
787.png,alt,True
1032.jpg,alt,True
777.jpg,alt,True
794.jpeg,alt,True
876.png,alt,True
932.jpg,alt,True
708.jpg,alt,True
973.jpg,alt,True
724.jpg,alt,True
1031.jpg,alt,True
842.jpg,alt,True
871.jpg,alt,True
903.jpg,alt,True
1030.jpg,alt,True
915.jpg,alt,True
959.jpg,alt,True
736.jpg,alt,True
984.jpg,alt,True
735.jpg,alt,True
847.jpg,alt,True
868.jpg,alt,True
796.jpeg,alt,True
853.jpg,alt,True
1034.jpg,alt,True
961.jpg,alt,True
950.jpg,alt,True
742.jpg,alt,True
1011.jpg,alt,True
994.jpg,alt,True
845.jpg,alt,True
732.jpg,alt,True
956.jpg,alt,True
713.jpg,alt,True
879.jpg,alt,True
760.jpg,alt,True
895.jpg,alt,True
873.jpg,alt,True
958.jpg,alt,True
936.jpg,alt,True
744.jpg,alt,True
704.jpg,alt,True
1036.jpg,alt,True
825.jpg,alt,True
964.jpg,alt,True
791.png,alt,True
896.jpg,alt,True
1049.jpg,alt,True
729.jpg,alt,True
757.jpg,alt,True
812.jpeg,alt,True
900.jpg,alt,True
782.jpg,alt,True
858.jpg,alt,True
715.jpg,alt,True
733.jpg,alt,True
1043.jpg,alt,True
943.jpg,alt,True
803.jpeg,alt,True
913.jpg,alt,True
763.jpg,alt,True
852.jpg,alt,True
971.jpg,alt,True
1009.jpg,alt,True
756.jpg,alt,True
866.jpg,alt,True
701.jpg,alt,True
862.jpg,alt,True
846.jpg,alt,True
930.jpg,alt,True
793.jpeg,alt,True
748.jpg,alt,True
770.jpg,alt,True
745.jpg,alt,True
920.jpg,alt,True
867.jpg,alt,True
816.jpeg,alt,True
786.jpg,alt,True
914.jpg,alt,True
912.jpg,alt,True
982.jpg,alt,True
1012.jpg,alt,True
999.jpg,alt,True
511.jpg,cottagecore,True
371.jpg,cottagecore,True
520.jpg,cottagecore,True
697.jpg,cottagecore,True
464.jpeg,cottagecore,True
544.jpg,cottagecore,True
528.jpg,cottagecore,True
559.jpg,cottagecore,True
362.jpg,cottagecore,True
356.jpg,cottagecore,True
575.jpg,cottagecore,True
561.jpg,cottagecore,True
481.jpeg,cottagecore,True
571.jpg,cottagecore,True
564.jpg,cottagecore,True
438.jpeg,cottagecore,True
383.jpg,cottagecore,True
644.jpg,cottagecore,True
499.png,cottagecore,True
634.jpg,cottagecore,True
447.jpeg,cottagecore,True
558.jpg,cottagecore,True
515.jpg,cottagecore,True
523.jpg,cottagecore,True
385.jpg,cottagecore,True
660.jpg,cottagecore,True
676.jpg,cottagecore,True
583.jpg,cottagecore,True
670.jpg,cottagecore,True
655.png,cottagecore,True
653.jpg,cottagecore,True
668.jpg,cottagecore,True
631.png,cottagecore,True
630.jpg,cottagecore,True
522.jpg,cottagecore,True
661.jpg,cottagecore,True
699.jpg,cottagecore,True
507.jpg,cottagecore,True
378.jpg,cottagecore,True
665.jpg,cottagecore,True
403.jpg,cottagecore,True
579.png,cottagecore,True
692.jpg,cottagecore,True
513.jpg,cottagecore,True
484.jpeg,cottagecore,True
405.jpg,cottagecore,True
448.jpeg,cottagecore,True
450.png,cottagecore,True
367.jpg,cottagecore,True
694.jpg,cottagecore,True
593.jpg,cottagecore,True
442.jpeg,cottagecore,True
597.jpg,cottagecore,True
691.jpg,cottagecore,True
570.png,cottagecore,True
646.jpg,cottagecore,True
543.jpg,cottagecore,True
465.jpeg,cottagecore,True
381.jpg,cottagecore,True
452.png,cottagecore,True
500.jpg,cottagecore,True
489.jpg,cottagecore,True
437.jpeg,cottagecore,True
387.png,cottagecore,True
449.png,cottagecore,True
361.jpg,cottagecore,True
373.jpg,cottagecore,True
527.png,cottagecore,True
496.jpg,cottagecore,True
366.jpg,cottagecore,True
407.jpg,cottagecore,True
686.png,cottagecore,True
516.jpg,cottagecore,True
628.jpg,cottagecore,True
472.jpeg,cottagecore,True
429.jpeg,cottagecore,True
603.jpg,cottagecore,True
389.jpg,cottagecore,True
698.jpg,cottagecore,True
425.jpg,cottagecore,True
398.jpg,cottagecore,True
408.jpg,cottagecore,True
412.jpg,cottagecore,True
509.jpg,cottagecore,True
351.jpg,cottagecore,True
393.jpg,cottagecore,True
566.jpg,cottagecore,True
587.jpg,cottagecore,True
374.jpg,cottagecore,True
700.jpg,cottagecore,True
490.jpg,cottagecore,True
488.jpg,cottagecore,True
482.jpeg,cottagecore,True
610.jpg,cottagecore,True
657.jpg,cottagecore,True
503.jpg,cottagecore,True
494.png,cottagecore,True
659.jpg,cottagecore,True
512.jpg,cottagecore,True
474.jpeg,cottagecore,True
604.jpg,cottagecore,True
518.jpg,cottagecore,True
479.jpeg,cottagecore,True
641.jpg,cottagecore,True
418.jpg,cottagecore,True
633.png,cottagecore,True
428.jpeg,cottagecore,True
608.png,cottagecore,True
505.jpg,cottagecore,True
672.jpg,cottagecore,True
645.jpg,cottagecore,True
392.jpg,cottagecore,True
648.jpg,cottagecore,True
413.jpg,cottagecore,True
555.jpg,cottagecore,True
532.jpg,cottagecore,True
563.jpg,cottagecore,True
492.jpg,cottagecore,True
353.jpg,cottagecore,True
679.jpg,cottagecore,True
598.jpg,cottagecore,True
569.jpg,cottagecore,True
568.jpg,cottagecore,True
696.png,cottagecore,True
529.jpg,cottagecore,True
440.jpeg,cottagecore,True
651.jpg,cottagecore,True
557.jpg,cottagecore,True
486.png,cottagecore,True
565.jpg,cottagecore,True
504.png,cottagecore,True
391.jpg,cottagecore,True
591.jpg,cottagecore,True
501.jpg,cottagecore,True
693.jpg,cottagecore,True
446.jpeg,cottagecore,True
551.jpg,cottagecore,True
359.jpg,cottagecore,True
556.jpg,cottagecore,True
615.png,cottagecore,True
592.jpg,cottagecore,True
567.png,cottagecore,True
550.jpg,cottagecore,True
530.jpg,cottagecore,True
495.jpg,cottagecore,True
363.jpg,cottagecore,True
675.jpg,cottagecore,True
376.jpg,cottagecore,True
553.jpg,cottagecore,True
623.jpg,cottagecore,True
414.jpg,cottagecore,True
421.jpg,cottagecore,True
410.jpg,cottagecore,True
545.jpg,cottagecore,True
468.jpeg,cottagecore,True
654.png,cottagecore,True
533.jpg,cottagecore,True
562.jpg,cottagecore,True
605.jpg,cottagecore,True
502.jpg,cottagecore,True
352.png,cottagecore,True
607.jpg,cottagecore,True
427.jpeg,cottagecore,True
430.jpeg,cottagecore,True
650.jpg,cottagecore,True
458.jpeg,cottagecore,True
433.jpeg,cottagecore,True
411.jpg,cottagecore,True
487.jpg,cottagecore,True
454.png,cottagecore,True
682.jpg,cottagecore,True
390.jpg,cottagecore,True
469.jpeg,cottagecore,True
519.png,cottagecore,True
396.jpg,cottagecore,True
671.jpg,cottagecore,True
667.jpg,cottagecore,True
375.jpg,cottagecore,True
459.jpeg,cottagecore,True
493.jpg,cottagecore,True
687.jpg,cottagecore,True
595.png,cottagecore,True
480.jpeg,cottagecore,True
617.jpg,cottagecore,True
470.jpeg,cottagecore,True
596.png,cottagecore,True
423.jpg,cottagecore,True
453.png,cottagecore,True
372.jpg,cottagecore,True
669.jpg,cottagecore,True
626.jpg,cottagecore,True
498.png,cottagecore,True
612.jpg,cottagecore,True
475.jpeg,cottagecore,True
658.jpg,cottagecore,True
588.jpg,cottagecore,True
574.jpg,cottagecore,True
439.jpeg,cottagecore,True
549.jpg,cottagecore,True
483.jpeg,cottagecore,True
673.jpg,cottagecore,True
377.jpg,cottagecore,True
540.jpg,cottagecore,True
637.jpg,cottagecore,True
614.jpg,cottagecore,True
456.jpeg,cottagecore,True
600.jpg,cottagecore,True
656.jpg,cottagecore,True
546.jpg,cottagecore,True
616.jpg,cottagecore,True
514.jpg,cottagecore,True
536.jpg,cottagecore,True
618.jpg,cottagecore,True
531.jpg,cottagecore,True
431.jpeg,cottagecore,True
639.jpg,cottagecore,True
467.jpeg,cottagecore,True
578.jpg,cottagecore,True
538.jpg,cottagecore,True
497.jpg,cottagecore,True
590.jpg,cottagecore,True
613.jpg,cottagecore,True
554.jpg,cottagecore,True
369.jpg,cottagecore,True
424.jpg,cottagecore,True
416.jpg,cottagecore,True
586.png,cottagecore,True
674.jpg,cottagecore,True
444.jpeg,cottagecore,True
585.jpg,cottagecore,True
624.png,cottagecore,True
601.jpg,cottagecore,True
684.jpg,cottagecore,True
524.jpg,cottagecore,True
643.jpg,cottagecore,True
602.jpg,cottagecore,True
435.jpeg,cottagecore,True
404.png,cottagecore,True
434.jpeg,cottagecore,True
666.jpg,cottagecore,True
525.jpg,cottagecore,True
625.jpg,cottagecore,True
485.jpeg,cottagecore,True
400.jpg,cottagecore,True
394.jpg,cottagecore,True
399.jpg,cottagecore,True
640.jpg,cottagecore,True
695.jpg,cottagecore,True
619.jpg,cottagecore,True
537.jpg,cottagecore,True
573.jpg,cottagecore,True
368.jpg,cottagecore,True
622.jpg,cottagecore,True
508.jpg,cottagecore,True
548.jpg,cottagecore,True
635.jpg,cottagecore,True
638.jpg,cottagecore,True
688.jpg,cottagecore,True
461.jpeg,cottagecore,True
584.jpg,cottagecore,True
379.jpg,cottagecore,True
642.jpg,cottagecore,True
663.jpg,cottagecore,True
491.png,cottagecore,True
510.jpg,cottagecore,True
577.jpg,cottagecore,True
517.jpg,cottagecore,True
426.jpeg,cottagecore,True
462.jpeg,cottagecore,True
589.jpg,cottagecore,True
662.jpg,cottagecore,True
677.jpg,cottagecore,True
388.jpg,cottagecore,True
649.png,cottagecore,True
526.png,cottagecore,True
476.jpeg,cottagecore,True
534.jpg,cottagecore,True
636.jpg,cottagecore,True
360.jpg,cottagecore,True
560.jpg,cottagecore,True
1236.jpg,y2k,True
1340.png,y2k,True
1079.jpg,y2k,True
1381.jpg,y2k,True
1371.png,y2k,True
1201.jpg,y2k,True
1336.png,y2k,True
1388.jpg,y2k,True
1192.jpg,y2k,True
1364.jpg,y2k,True
1217.png,y2k,True
1313.jpg,y2k,True
1223.jpg,y2k,True
1334.jpg,y2k,True
1130.jpeg,y2k,True
1278.jpg,y2k,True
1322.jpg,y2k,True
1303.jpg,y2k,True
1087.jpg,y2k,True
1116.jpg,y2k,True
1337.jpg,y2k,True
1229.png,y2k,True
1146.jpeg,y2k,True
1394.png,y2k,True
1398.png,y2k,True
1280.jpg,y2k,True
1293.jpg,y2k,True
1074.jpg,y2k,True
1331.jpg,y2k,True
1098.jpg,y2k,True
1285.jpg,y2k,True
1252.jpg,y2k,True
1141.jpeg,y2k,True
1082.jpg,y2k,True
1393.jpg,y2k,True
1330.jpg,y2k,True
1383.jpg,y2k,True
1235.jpg,y2k,True
1213.jpg,y2k,True
1294.jpg,y2k,True
1250.jpg,y2k,True
1064.jpg,y2k,True
1110.jpg,y2k,True
1051.jpg,y2k,True
1369.jpg,y2k,True
1264.jpg,y2k,True
1370.jpg,y2k,True
1137.jpeg,y2k,True
1066.jpg,y2k,True
1199.jpg,y2k,True
1119.png,y2k,True
1319.png,y2k,True
1205.jpg,y2k,True
1333.jpg,y2k,True
1126.jpeg,y2k,True
1138.jpeg,y2k,True
1090.jpg,y2k,True
1332.jpg,y2k,True
1196.jpg,y2k,True
1134.jpeg,y2k,True
1181.jpg,y2k,True
1081.jpg,y2k,True
1211.jpg,y2k,True
1228.jpg,y2k,True
1107.png,y2k,True
1272.jpg,y2k,True
1216.jpg,y2k,True
1338.jpg,y2k,True
1127.jpeg,y2k,True
1156.jpeg,y2k,True
1111.jpg,y2k,True
1106.png,y2k,True
1184.jpg,y2k,True
1350.jpg,y2k,True
1243.jpg,y2k,True
1262.jpg,y2k,True
1287.jpg,y2k,True
1304.jpg,y2k,True
1299.jpg,y2k,True
1273.jpg,y2k,True
1190.jpg,y2k,True
1375.jpg,y2k,True
1102.jpg,y2k,True
1234.png,y2k,True
1160.jpg,y2k,True
1282.jpg,y2k,True
1080.jpg,y2k,True
1194.jpg,y2k,True
1100.jpg,y2k,True
1227.jpg,y2k,True
1269.jpg,y2k,True
1346.jpg,y2k,True
1118.jpg,y2k,True
1183.jpg,y2k,True
1057.jpg,y2k,True
1058.jpg,y2k,True
1321.jpg,y2k,True
1154.jpeg,y2k,True
1274.jpg,y2k,True
1362.jpg,y2k,True
1174.jpg,y2k,True
1221.jpg,y2k,True
1305.jpg,y2k,True
1249.jpg,y2k,True
1071.jpg,y2k,True
1061.jpg,y2k,True
1109.jpg,y2k,True
1384.png,y2k,True
1254.jpg,y2k,True
1387.jpg,y2k,True
1166.jpg,y2k,True
1233.jpg,y2k,True
1210.jpg,y2k,True
1265.jpg,y2k,True
1376.jpg,y2k,True
1389.jpg,y2k,True
1361.jpg,y2k,True
1092.jpg,y2k,True
1323.jpg,y2k,True
1144.jpeg,y2k,True
1365.jpg,y2k,True
1373.jpg,y2k,True
1277.jpg,y2k,True
1363.jpg,y2k,True
1391.jpg,y2k,True
1176.jpg,y2k,True
1356.jpg,y2k,True
1300.jpg,y2k,True
1399.jpg,y2k,True
1347.png,y2k,True
1083.jpg,y2k,True
1097.jpg,y2k,True
1153.jpeg,y2k,True
1312.jpg,y2k,True
1292.jpg,y2k,True
1379.jpg,y2k,True
1219.jpg,y2k,True
1202.jpg,y2k,True
1151.jpeg,y2k,True
1257.jpg,y2k,True
1159.jpg,y2k,True
1072.jpg,y2k,True
1302.jpg,y2k,True
1133.jpeg,y2k,True
1232.jpg,y2k,True
1355.jpg,y2k,True
1354.jpg,y2k,True
1392.jpg,y2k,True
1115.jpg,y2k,True
1329.jpg,y2k,True
1101.jpg,y2k,True
1122.jpeg,y2k,True
1279.jpg,y2k,True
1225.jpg,y2k,True
1191.jpg,y2k,True
1108.jpg,y2k,True
1270.jpg,y2k,True
1182.jpg,y2k,True
1295.jpg,y2k,True
1063.jpg,y2k,True
1353.jpg,y2k,True
1259.jpg,y2k,True
1296.jpg,y2k,True
1208.jpg,y2k,True
1162.jpg,y2k,True
1149.jpeg,y2k,True
1397.jpg,y2k,True
1226.jpg,y2k,True
1253.jpg,y2k,True
1327.jpg,y2k,True
1075.jpg,y2k,True
1069.jpg,y2k,True
1112.png,y2k,True
1167.jpg,y2k,True
1214.jpg,y2k,True
1132.jpeg,y2k,True
1171.jpg,y2k,True
1374.jpg,y2k,True
1314.jpg,y2k,True
1077.png,y2k,True
1091.jpg,y2k,True
1378.jpg,y2k,True
1320.png,y2k,True
1298.jpg,y2k,True
1056.jpg,y2k,True
1197.jpg,y2k,True
1207.jpg,y2k,True
1357.jpg,y2k,True
1195.jpg,y2k,True
1239.jpg,y2k,True
1325.jpg,y2k,True
1128.jpeg,y2k,True
1341.jpg,y2k,True
1308.jpg,y2k,True
1093.jpg,y2k,True
1352.jpg,y2k,True
1317.jpg,y2k,True
1400.jpg,y2k,True
1068.jpg,y2k,True
1328.png,y2k,True
1258.jpg,y2k,True
1368.jpg,y2k,True
1180.jpg,y2k,True
1231.jpg,y2k,True
1315.jpg,y2k,True
1248.jpg,y2k,True
1189.jpg,y2k,True
1139.jpeg,y2k,True
1060.jpg,y2k,True
1114.jpg,y2k,True
1351.jpg,y2k,True
1345.jpg,y2k,True
1247.jpg,y2k,True
1218.png,y2k,True
1359.jpg,y2k,True
1062.jpg,y2k,True
1094.jpg,y2k,True
1095.jpg,y2k,True
1366.jpg,y2k,True
1344.jpg,y2k,True
1145.jpeg,y2k,True
1318.jpg,y2k,True
1230.jpg,y2k,True
1059.jpg,y2k,True
1158.jpeg,y2k,True
1311.jpg,y2k,True
1155.jpeg,y2k,True
1238.jpg,y2k,True
1179.jpg,y2k,True
1291.jpg,y2k,True
1175.jpg,y2k,True
1078.jpg,y2k,True
1372.jpg,y2k,True
1086.jpg,y2k,True
1220.jpg,y2k,True
1386.jpg,y2k,True
1198.jpg,y2k,True
1140.jpeg,y2k,True
1163.jpg,y2k,True
1396.jpg,y2k,True
1052.jpg,y2k,True
1084.jpg,y2k,True
1244.jpg,y2k,True
1073.jpg,y2k,True
1186.jpg,y2k,True
1113.jpg,y2k,True
1260.jpg,y2k,True
1360.jpg,y2k,True
1246.jpg,y2k,True
1307.jpg,y2k,True
1224.jpg,y2k,True
1172.jpg,y2k,True
1169.jpg,y2k,True
1324.jpg,y2k,True
1301.jpg,y2k,True
1390.png,y2k,True
1342.jpg,y2k,True
1339.jpg,y2k,True
1268.jpg,y2k,True
1104.jpg,y2k,True
1055.jpg,y2k,True
1203.jpg,y2k,True
1348.jpg,y2k,True
1266.jpg,y2k,True
1284.jpg,y2k,True
1286.jpg,y2k,True
1099.jpg,y2k,True
1215.jpg,y2k,True
1142.jpeg,y2k,True
1170.jpg,y2k,True
1124.jpeg,y2k,True
1256.jpg,y2k,True
1120.jpeg,y2k,True
1165.png,y2k,True
1240.jpg,y2k,True
1335.jpg,y2k,True
1380.jpg,y2k,True
1152.jpeg,y2k,True
1395.jpg,y2k,True
1125.jpeg,y2k,True
