filename,folder
academia-clean-rescaled/246.jpg,academia
academia-clean-rescaled/67.jpeg,academia
academia-clean-rescaled/102.jpeg,academia
academia-clean-rescaled/279.jpg,academia
academia-clean-rescaled/167.jpeg,academia
academia-clean-rescaled/92.jpeg,academia
academia-clean-rescaled/81.jpeg,academia
academia-clean-rescaled/307.jpg,academia
academia-clean-rescaled/50.jpg,academia
academia-clean-rescaled/41.jpg,academia
academia-clean-rescaled/45.jpg,academia
academia-clean-rescaled/240.jpg,academia
academia-clean-rescaled/326.jpg,academia
academia-clean-rescaled/272.jpg,academia
academia-clean-rescaled/193.jpg,academia
academia-clean-rescaled/132.jpeg,academia
academia-clean-rescaled/14.jpg,academia
academia-clean-rescaled/253.jpg,academia
academia-clean-rescaled/235.jpg,academia
academia-clean-rescaled/89.jpeg,academia
academia-clean-rescaled/316.jpg,academia
academia-clean-rescaled/53.jpg,academia
academia-clean-rescaled/61.jpeg,academia
academia-clean-rescaled/78.jpeg,academia
academia-clean-rescaled/239.jpg,academia
academia-clean-rescaled/3.jpg,academia
academia-clean-rescaled/261.jpg,academia
academia-clean-rescaled/227.jpg,academia
academia-clean-rescaled/44.jpg,academia
academia-clean-rescaled/342.jpg,academia
academia-clean-rescaled/65.jpeg,academia
academia-clean-rescaled/211.jpg,academia
academia-clean-rescaled/306.jpg,academia
academia-clean-rescaled/135.jpeg,academia
academia-clean-rescaled/90.jpeg,academia
academia-clean-rescaled/141.jpeg,academia
academia-clean-rescaled/346.jpg,academia
academia-clean-rescaled/243.jpg,academia
academia-clean-rescaled/206.jpg,academia
academia-clean-rescaled/203.jpg,academia
academia-clean-rescaled/221.jpg,academia
academia-clean-rescaled/71.jpeg,academia
academia-clean-rescaled/23.jpg,academia
academia-clean-rescaled/271.jpg,academia
academia-clean-rescaled/127.jpeg,academia
academia-clean-rescaled/151.jpeg,academia
academia-clean-rescaled/302.jpg,academia
academia-clean-rescaled/216.jpg,academia
academia-clean-rescaled/160.jpeg,academia
academia-clean-rescaled/122.jpeg,academia
academia-clean-rescaled/169.jpeg,academia
academia-clean-rescaled/298.jpg,academia
academia-clean-rescaled/131.jpeg,academia
academia-clean-rescaled/205.jpg,academia
academia-clean-rescaled/233.jpg,academia
academia-clean-rescaled/26.jpg,academia
academia-clean-rescaled/16.jpg,academia
academia-clean-rescaled/93.jpeg,academia
academia-clean-rescaled/170.jpeg,academia
academia-clean-rescaled/213.jpg,academia
academia-clean-rescaled/143.jpeg,academia
academia-clean-rescaled/179.jpg,academia
academia-clean-rescaled/109.jpeg,academia
academia-clean-rescaled/22.jpg,academia
academia-clean-rescaled/189.jpg,academia
academia-clean-rescaled/299.jpg,academia
academia-clean-rescaled/197.jpg,academia
academia-clean-rescaled/320.jpg,academia
academia-clean-rescaled/310.jpg,academia
academia-clean-rescaled/21.jpg,academia
academia-clean-rescaled/196.jpg,academia
academia-clean-rescaled/256.jpg,academia
academia-clean-rescaled/323.jpg,academia
academia-clean-rescaled/190.jpg,academia
academia-clean-rescaled/338.jpg,academia
academia-clean-rescaled/166.jpeg,academia
academia-clean-rescaled/336.jpg,academia
academia-clean-rescaled/247.jpg,academia
academia-clean-rescaled/217.jpg,academia
academia-clean-rescaled/177.jpeg,academia
academia-clean-rescaled/201.jpg,academia
academia-clean-rescaled/83.jpeg,academia
academia-clean-rescaled/343.jpg,academia
academia-clean-rescaled/46.jpg,academia
academia-clean-rescaled/49.jpg,academia
academia-clean-rescaled/24.jpg,academia
academia-clean-rescaled/35.jpg,academia
academia-clean-rescaled/263.jpg,academia
academia-clean-rescaled/294.jpg,academia
academia-clean-rescaled/103.jpeg,academia
academia-clean-rescaled/66.jpeg,academia
academia-clean-rescaled/222.jpg,academia
academia-clean-rescaled/37.jpg,academia
academia-clean-rescaled/214.jpg,academia
academia-clean-rescaled/308.jpg,academia
academia-clean-rescaled/293.jpg,academia
academia-clean-rescaled/134.jpeg,academia
academia-clean-rescaled/207.jpg,academia
academia-clean-rescaled/349.jpg,academia
academia-clean-rescaled/60.jpg,academia
academia-clean-rescaled/209.jpg,academia
academia-clean-rescaled/79.jpeg,academia
academia-clean-rescaled/33.jpg,academia
academia-clean-rescaled/318.jpg,academia
academia-clean-rescaled/241.jpg,academia
academia-clean-rescaled/321.jpg,academia
academia-clean-rescaled/238.jpg,academia
academia-clean-rescaled/200.jpg,academia
academia-clean-rescaled/68.jpeg,academia
academia-clean-rescaled/237.jpg,academia
academia-clean-rescaled/144.jpeg,academia
academia-clean-rescaled/337.jpg,academia
academia-clean-rescaled/161.jpeg,academia
academia-clean-rescaled/52.jpg,academia
academia-clean-rescaled/31.jpg,academia
academia-clean-rescaled/125.jpeg,academia
academia-clean-rescaled/348.jpg,academia
academia-clean-rescaled/257.jpg,academia
academia-clean-rescaled/329.jpg,academia
academia-clean-rescaled/236.jpg,academia
academia-clean-rescaled/64.jpeg,academia
academia-clean-rescaled/94.jpeg,academia
academia-clean-rescaled/98.jpeg,academia
academia-clean-rescaled/104.jpeg,academia
academia-clean-rescaled/187.jpg,academia
academia-clean-rescaled/19.jpg,academia
academia-clean-rescaled/157.jpeg,academia
academia-clean-rescaled/153.jpeg,academia
academia-clean-rescaled/11.jpg,academia
academia-clean-rescaled/75.jpeg,academia
academia-clean-rescaled/218.jpg,academia
academia-clean-rescaled/215.jpg,academia
academia-clean-rescaled/113.jpeg,academia
academia-clean-rescaled/269.jpg,academia
academia-clean-rescaled/171.jpeg,academia
academia-clean-rescaled/173.jpeg,academia
academia-clean-rescaled/341.jpg,academia
academia-clean-rescaled/229.jpg,academia
academia-clean-rescaled/25.jpg,academia
academia-clean-rescaled/192.jpg,academia
academia-clean-rescaled/322.jpg,academia
academia-clean-rescaled/223.jpg,academia
academia-clean-rescaled/292.jpg,academia
academia-clean-rescaled/29.jpg,academia
academia-clean-rescaled/51.jpg,academia
academia-clean-rescaled/130.jpeg,academia
academia-clean-rescaled/108.jpeg,academia
academia-clean-rescaled/12.jpg,academia
academia-clean-rescaled/140.jpeg,academia
academia-clean-rescaled/347.jpg,academia
academia-clean-rescaled/334.jpg,academia
academia-clean-rescaled/180.jpg,academia
academia-clean-rescaled/231.jpg,academia
academia-clean-rescaled/283.jpg,academia
academia-clean-rescaled/184.jpg,academia
academia-clean-rescaled/234.jpg,academia
academia-clean-rescaled/76.jpeg,academia
academia-clean-rescaled/105.jpeg,academia
academia-clean-rescaled/6.jpg,academia
academia-clean-rescaled/121.jpeg,academia
academia-clean-rescaled/82.jpeg,academia
academia-clean-rescaled/344.jpg,academia
academia-clean-rescaled/195.jpg,academia
academia-clean-rescaled/2.jpg,academia
academia-clean-rescaled/255.jpg,academia
academia-clean-rescaled/328.jpg,academia
academia-clean-rescaled/70.jpeg,academia
academia-clean-rescaled/245.jpg,academia
academia-clean-rescaled/84.jpeg,academia
academia-clean-rescaled/212.jpg,academia
academia-clean-rescaled/149.jpeg,academia
academia-clean-rescaled/276.jpg,academia
academia-clean-rescaled/174.jpeg,academia
academia-clean-rescaled/136.jpeg,academia
academia-clean-rescaled/277.jpg,academia
academia-clean-rescaled/158.jpeg,academia
academia-clean-rescaled/118.jpeg,academia
academia-clean-rescaled/74.jpeg,academia
academia-clean-rescaled/106.jpeg,academia
academia-clean-rescaled/312.jpg,academia
academia-clean-rescaled/259.jpg,academia
academia-clean-rescaled/47.jpg,academia
academia-clean-rescaled/110.jpeg,academia
academia-clean-rescaled/54.jpg,academia
academia-clean-rescaled/77.jpeg,academia
academia-clean-rescaled/204.jpg,academia
academia-clean-rescaled/38.jpg,academia
academia-clean-rescaled/314.jpg,academia
academia-clean-rescaled/107.jpeg,academia
academia-clean-rescaled/18.jpg,academia
academia-clean-rescaled/242.jpg,academia
academia-clean-rescaled/56.jpg,academia
academia-clean-rescaled/139.jpeg,academia
academia-clean-rescaled/9.jpg,academia
academia-clean-rescaled/57.jpg,academia
academia-clean-rescaled/43.jpg,academia
academia-clean-rescaled/303.jpg,academia
academia-clean-rescaled/324.jpg,academia
academia-clean-rescaled/285.jpg,academia
academia-clean-rescaled/181.jpg,academia
academia-clean-rescaled/249.jpg,academia
academia-clean-rescaled/178.jpeg,academia
academia-clean-rescaled/159.jpeg,academia
academia-clean-rescaled/268.jpg,academia
academia-clean-rescaled/282.jpg,academia
academia-clean-rescaled/183.jpg,academia
academia-clean-rescaled/265.jpg,academia
academia-clean-rescaled/267.jpg,academia
academia-clean-rescaled/340.jpg,academia
academia-clean-rescaled/63.jpeg,academia
academia-clean-rescaled/219.jpg,academia
academia-clean-rescaled/244.jpg,academia
academia-clean-rescaled/208.jpg,academia
academia-clean-rescaled/331.jpg,academia
academia-clean-rescaled/252.jpg,academia
academia-clean-rescaled/100.jpeg,academia
academia-clean-rescaled/254.jpg,academia
academia-clean-rescaled/296.jpg,academia
academia-clean-rescaled/97.jpeg,academia
academia-clean-rescaled/330.jpg,academia
academia-clean-rescaled/27.jpg,academia
academia-clean-rescaled/350.jpg,academia
academia-clean-rescaled/15.jpg,academia
academia-clean-rescaled/305.jpg,academia
academia-clean-rescaled/317.jpg,academia
academia-clean-rescaled/165.jpeg,academia
academia-clean-rescaled/10.jpg,academia
academia-clean-rescaled/163.jpeg,academia
academia-clean-rescaled/32.jpg,academia
academia-clean-rescaled/123.jpeg,academia
academia-clean-rescaled/251.jpg,academia
academia-clean-rescaled/288.jpg,academia
academia-clean-rescaled/96.jpeg,academia
academia-clean-rescaled/250.jpg,academia
academia-clean-rescaled/301.jpg,academia
academia-clean-rescaled/198.jpg,academia
academia-clean-rescaled/345.jpg,academia
academia-clean-rescaled/101.jpeg,academia
academia-clean-rescaled/86.jpeg,academia
academia-clean-rescaled/186.jpg,academia
academia-clean-rescaled/281.jpg,academia
academia-clean-rescaled/300.jpg,academia
academia-clean-rescaled/152.jpeg,academia
academia-clean-rescaled/224.jpg,academia
academia-clean-rescaled/147.jpeg,academia
academia-clean-rescaled/315.jpg,academia
academia-clean-rescaled/48.jpg,academia
academia-clean-rescaled/156.jpeg,academia
academia-clean-rescaled/59.jpg,academia
academia-clean-rescaled/95.jpeg,academia
academia-clean-rescaled/133.jpeg,academia
academia-clean-rescaled/220.jpg,academia
academia-clean-rescaled/286.jpg,academia
academia-clean-rescaled/260.jpg,academia
academia-clean-rescaled/332.jpg,academia
academia-clean-rescaled/150.jpeg,academia
academia-clean-rescaled/335.jpg,academia
academia-clean-rescaled/297.jpg,academia
academia-clean-rescaled/311.jpg,academia
academia-clean-rescaled/295.jpg,academia
academia-clean-rescaled/339.jpg,academia
academia-clean-rescaled/266.jpg,academia
academia-clean-rescaled/270.jpg,academia
academia-clean-rescaled/188.jpg,academia
academia-clean-rescaled/111.jpeg,academia
academia-clean-rescaled/72.jpeg,academia
academia-clean-rescaled/129.jpeg,academia
academia-clean-rescaled/280.jpg,academia
academia-clean-rescaled/284.jpg,academia
academia-clean-rescaled/17.jpg,academia
academia-clean-rescaled/191.jpg,academia
academia-clean-rescaled/164.jpeg,academia
academia-clean-rescaled/225.jpg,academia
academia-clean-rescaled/304.jpg,academia
academia-clean-rescaled/34.jpg,academia
academia-clean-rescaled/273.jpg,academia
academia-clean-rescaled/275.jpg,academia
academia-clean-rescaled/119.jpeg,academia
y2k-clean-rescaled/1384.png,y2k
y2k-clean-rescaled/1247.jpg,y2k
y2k-clean-rescaled/1355.jpg,y2k
y2k-clean-rescaled/1308.jpg,y2k
y2k-clean-rescaled/1281.jpg,y2k
y2k-clean-rescaled/1111.jpg,y2k
y2k-clean-rescaled/1188.jpg,y2k
y2k-clean-rescaled/1381.jpg,y2k
y2k-clean-rescaled/1331.jpg,y2k
y2k-clean-rescaled/1342.jpg,y2k
y2k-clean-rescaled/1323.jpg,y2k
y2k-clean-rescaled/1224.jpg,y2k
y2k-clean-rescaled/1276.jpg,y2k
y2k-clean-rescaled/1101.jpg,y2k
y2k-clean-rescaled/1362.jpg,y2k
y2k-clean-rescaled/1265.jpg,y2k
y2k-clean-rescaled/1137.jpeg,y2k
y2k-clean-rescaled/1318.jpg,y2k
y2k-clean-rescaled/1092.jpg,y2k
y2k-clean-rescaled/1176.jpg,y2k
y2k-clean-rescaled/1118.jpg,y2k
y2k-clean-rescaled/1072.jpg,y2k
y2k-clean-rescaled/1312.jpg,y2k
y2k-clean-rescaled/1299.jpg,y2k
y2k-clean-rescaled/1160.jpg,y2k
y2k-clean-rescaled/1114.jpg,y2k
y2k-clean-rescaled/1104.jpg,y2k
y2k-clean-rescaled/1344.jpg,y2k
y2k-clean-rescaled/1322.jpg,y2k
y2k-clean-rescaled/1365.jpg,y2k
y2k-clean-rescaled/1303.jpg,y2k
y2k-clean-rescaled/1198.jpg,y2k
y2k-clean-rescaled/1145.jpeg,y2k
y2k-clean-rescaled/1371.png,y2k
y2k-clean-rescaled/1387.jpg,y2k
y2k-clean-rescaled/1184.jpg,y2k
y2k-clean-rescaled/1310.png,y2k
y2k-clean-rescaled/1367.jpg,y2k
y2k-clean-rescaled/1386.jpg,y2k
y2k-clean-rescaled/1117.jpg,y2k
y2k-clean-rescaled/1389.jpg,y2k
y2k-clean-rescaled/1140.jpeg,y2k
y2k-clean-rescaled/1219.jpg,y2k
y2k-clean-rescaled/1334.jpg,y2k
y2k-clean-rescaled/1202.jpg,y2k
y2k-clean-rescaled/1400.jpg,y2k
y2k-clean-rescaled/1390.png,y2k
y2k-clean-rescaled/1350.jpg,y2k
y2k-clean-rescaled/1289.jpg,y2k
y2k-clean-rescaled/1376.jpg,y2k
y2k-clean-rescaled/1397.jpg,y2k
y2k-clean-rescaled/1218.png,y2k
y2k-clean-rescaled/1340.png,y2k
y2k-clean-rescaled/1363.jpg,y2k
y2k-clean-rescaled/1267.jpg,y2k
y2k-clean-rescaled/1131.jpeg,y2k
y2k-clean-rescaled/1076.jpg,y2k
y2k-clean-rescaled/1361.jpg,y2k
y2k-clean-rescaled/1088.jpg,y2k
y2k-clean-rescaled/1221.jpg,y2k
y2k-clean-rescaled/1127.jpeg,y2k
y2k-clean-rescaled/1097.jpg,y2k
y2k-clean-rescaled/1242.jpg,y2k
y2k-clean-rescaled/1236.jpg,y2k
y2k-clean-rescaled/1227.jpg,y2k
y2k-clean-rescaled/1287.jpg,y2k
y2k-clean-rescaled/1317.jpg,y2k
y2k-clean-rescaled/1099.jpg,y2k
y2k-clean-rescaled/1391.jpg,y2k
y2k-clean-rescaled/1382.jpg,y2k
y2k-clean-rescaled/1060.jpg,y2k
y2k-clean-rescaled/1388.jpg,y2k
y2k-clean-rescaled/1358.jpg,y2k
y2k-clean-rescaled/1301.jpg,y2k
y2k-clean-rescaled/1080.jpg,y2k
y2k-clean-rescaled/1243.jpg,y2k
y2k-clean-rescaled/1337.jpg,y2k
y2k-clean-rescaled/1226.jpg,y2k
y2k-clean-rescaled/1138.jpeg,y2k
y2k-clean-rescaled/1278.jpg,y2k
y2k-clean-rescaled/1332.jpg,y2k
y2k-clean-rescaled/1106.png,y2k
y2k-clean-rescaled/1069.jpg,y2k
y2k-clean-rescaled/1257.jpg,y2k
y2k-clean-rescaled/1195.jpg,y2k
y2k-clean-rescaled/1152.jpeg,y2k
y2k-clean-rescaled/1054.jpg,y2k
y2k-clean-rescaled/1065.jpg,y2k
y2k-clean-rescaled/1305.jpg,y2k
y2k-clean-rescaled/1329.jpg,y2k
y2k-clean-rescaled/1107.png,y2k
y2k-clean-rescaled/1259.jpg,y2k
y2k-clean-rescaled/1155.jpeg,y2k
y2k-clean-rescaled/1210.jpg,y2k
y2k-clean-rescaled/1100.jpg,y2k
y2k-clean-rescaled/1286.jpg,y2k
y2k-clean-rescaled/1205.jpg,y2k
y2k-clean-rescaled/1232.jpg,y2k
y2k-clean-rescaled/1255.jpg,y2k
y2k-clean-rescaled/1230.jpg,y2k
y2k-clean-rescaled/1233.jpg,y2k
y2k-clean-rescaled/1200.jpg,y2k
y2k-clean-rescaled/1309.png,y2k
y2k-clean-rescaled/1191.jpg,y2k
y2k-clean-rescaled/1239.jpg,y2k
y2k-clean-rescaled/1246.jpg,y2k
y2k-clean-rescaled/1197.jpg,y2k
y2k-clean-rescaled/1187.jpg,y2k
y2k-clean-rescaled/1292.jpg,y2k
y2k-clean-rescaled/1231.jpg,y2k
y2k-clean-rescaled/1162.jpg,y2k
y2k-clean-rescaled/1319.png,y2k
y2k-clean-rescaled/1192.jpg,y2k
y2k-clean-rescaled/1144.jpeg,y2k
y2k-clean-rescaled/1172.jpg,y2k
y2k-clean-rescaled/1102.jpg,y2k
y2k-clean-rescaled/1212.jpg,y2k
y2k-clean-rescaled/1143.jpeg,y2k
y2k-clean-rescaled/1374.jpg,y2k
y2k-clean-rescaled/1170.jpg,y2k
y2k-clean-rescaled/1311.jpg,y2k
y2k-clean-rescaled/1356.jpg,y2k
y2k-clean-rescaled/1395.jpg,y2k
y2k-clean-rescaled/1173.jpg,y2k
y2k-clean-rescaled/1348.jpg,y2k
y2k-clean-rescaled/1316.jpg,y2k
y2k-clean-rescaled/1090.jpg,y2k
y2k-clean-rescaled/1343.jpg,y2k
y2k-clean-rescaled/1075.jpg,y2k
y2k-clean-rescaled/1089.jpg,y2k
y2k-clean-rescaled/1087.jpg,y2k
y2k-clean-rescaled/1123.jpeg,y2k
y2k-clean-rescaled/1163.jpg,y2k
y2k-clean-rescaled/1378.jpg,y2k
y2k-clean-rescaled/1338.jpg,y2k
y2k-clean-rescaled/1125.jpeg,y2k
y2k-clean-rescaled/1081.jpg,y2k
y2k-clean-rescaled/1055.jpg,y2k
y2k-clean-rescaled/1207.jpg,y2k
y2k-clean-rescaled/1285.jpg,y2k
y2k-clean-rescaled/1353.jpg,y2k
y2k-clean-rescaled/1128.jpeg,y2k
y2k-clean-rescaled/1068.jpg,y2k
y2k-clean-rescaled/1056.jpg,y2k
y2k-clean-rescaled/1268.jpg,y2k
y2k-clean-rescaled/1366.jpg,y2k
y2k-clean-rescaled/1078.jpg,y2k
y2k-clean-rescaled/1108.jpg,y2k
y2k-clean-rescaled/1103.jpg,y2k
y2k-clean-rescaled/1109.jpg,y2k
y2k-clean-rescaled/1158.jpeg,y2k
y2k-clean-rescaled/1383.jpg,y2k
y2k-clean-rescaled/1336.png,y2k
y2k-clean-rescaled/1120.jpeg,y2k
y2k-clean-rescaled/1258.jpg,y2k
y2k-clean-rescaled/1057.jpg,y2k
y2k-clean-rescaled/1260.jpg,y2k
y2k-clean-rescaled/1266.jpg,y2k
y2k-clean-rescaled/1368.jpg,y2k
y2k-clean-rescaled/1275.jpg,y2k
y2k-clean-rescaled/1151.jpeg,y2k
y2k-clean-rescaled/1321.jpg,y2k
y2k-clean-rescaled/1324.jpg,y2k
y2k-clean-rescaled/1313.jpg,y2k
y2k-clean-rescaled/1328.png,y2k
y2k-clean-rescaled/1237.jpg,y2k
y2k-clean-rescaled/1201.jpg,y2k
y2k-clean-rescaled/1159.jpg,y2k
y2k-clean-rescaled/1126.jpeg,y2k
y2k-clean-rescaled/1284.jpg,y2k
y2k-clean-rescaled/1277.jpg,y2k
y2k-clean-rescaled/1061.jpg,y2k
y2k-clean-rescaled/1086.jpg,y2k
y2k-clean-rescaled/1179.jpg,y2k
y2k-clean-rescaled/1357.jpg,y2k
y2k-clean-rescaled/1251.jpg,y2k
y2k-clean-rescaled/1372.jpg,y2k
y2k-clean-rescaled/1110.jpg,y2k
y2k-clean-rescaled/1279.jpg,y2k
y2k-clean-rescaled/1135.jpeg,y2k
y2k-clean-rescaled/1222.jpg,y2k
y2k-clean-rescaled/1206.jpg,y2k
y2k-clean-rescaled/1306.jpg,y2k
y2k-clean-rescaled/1354.jpg,y2k
y2k-clean-rescaled/1070.jpg,y2k
y2k-clean-rescaled/1377.jpg,y2k
y2k-clean-rescaled/1167.jpg,y2k
y2k-clean-rescaled/1134.jpeg,y2k
y2k-clean-rescaled/1298.jpg,y2k
y2k-clean-rescaled/1307.jpg,y2k
y2k-clean-rescaled/1392.jpg,y2k
y2k-clean-rescaled/1178.jpg,y2k
y2k-clean-rescaled/1238.jpg,y2k
y2k-clean-rescaled/1053.jpg,y2k
y2k-clean-rescaled/1196.jpg,y2k
y2k-clean-rescaled/1067.jpg,y2k
y2k-clean-rescaled/1062.jpg,y2k
y2k-clean-rescaled/1271.jpg,y2k
y2k-clean-rescaled/1293.jpg,y2k
y2k-clean-rescaled/1339.jpg,y2k
y2k-clean-rescaled/1130.jpeg,y2k
y2k-clean-rescaled/1073.jpg,y2k
y2k-clean-rescaled/1124.jpeg,y2k
y2k-clean-rescaled/1149.jpeg,y2k
y2k-clean-rescaled/1208.jpg,y2k
y2k-clean-rescaled/1084.jpg,y2k
y2k-clean-rescaled/1091.jpg,y2k
y2k-clean-rescaled/1399.jpg,y2k
y2k-clean-rescaled/1156.jpeg,y2k
y2k-clean-rescaled/1270.jpg,y2k
y2k-clean-rescaled/1352.jpg,y2k
y2k-clean-rescaled/1282.jpg,y2k
y2k-clean-rescaled/1183.jpg,y2k
y2k-clean-rescaled/1283.png,y2k
y2k-clean-rescaled/1304.jpg,y2k
y2k-clean-rescaled/1133.jpeg,y2k
y2k-clean-rescaled/1369.jpg,y2k
y2k-clean-rescaled/1373.jpg,y2k
y2k-clean-rescaled/1228.jpg,y2k
y2k-clean-rescaled/1085.jpg,y2k
y2k-clean-rescaled/1225.jpg,y2k
y2k-clean-rescaled/1380.jpg,y2k
y2k-clean-rescaled/1190.jpg,y2k
y2k-clean-rescaled/1215.jpg,y2k
y2k-clean-rescaled/1379.jpg,y2k
y2k-clean-rescaled/1244.jpg,y2k
y2k-clean-rescaled/1254.jpg,y2k
y2k-clean-rescaled/1122.jpeg,y2k
y2k-clean-rescaled/1142.jpeg,y2k
y2k-clean-rescaled/1199.jpg,y2k
y2k-clean-rescaled/1148.jpeg,y2k
y2k-clean-rescaled/1245.jpg,y2k
y2k-clean-rescaled/1214.jpg,y2k
y2k-clean-rescaled/1203.jpg,y2k
y2k-clean-rescaled/1235.jpg,y2k
y2k-clean-rescaled/1194.jpg,y2k
y2k-clean-rescaled/1083.jpg,y2k
y2k-clean-rescaled/1074.jpg,y2k
y2k-clean-rescaled/1136.jpeg,y2k
y2k-clean-rescaled/1094.jpg,y2k
y2k-clean-rescaled/1175.jpg,y2k
y2k-clean-rescaled/1082.jpg,y2k
y2k-clean-rescaled/1296.jpg,y2k
y2k-clean-rescaled/1147.jpeg,y2k
y2k-clean-rescaled/1063.jpg,y2k
y2k-clean-rescaled/1220.jpg,y2k
y2k-clean-rescaled/1314.jpg,y2k
y2k-clean-rescaled/1320.png,y2k
y2k-clean-rescaled/1335.jpg,y2k
y2k-clean-rescaled/1393.jpg,y2k
y2k-clean-rescaled/1272.jpg,y2k
y2k-clean-rescaled/1129.jpeg,y2k
y2k-clean-rescaled/1341.jpg,y2k
y2k-clean-rescaled/1351.jpg,y2k
y2k-clean-rescaled/1166.jpg,y2k
y2k-clean-rescaled/1059.jpg,y2k
y2k-clean-rescaled/1327.jpg,y2k
y2k-clean-rescaled/1189.jpg,y2k
y2k-clean-rescaled/1234.png,y2k
y2k-clean-rescaled/1185.jpg,y2k
y2k-clean-rescaled/1168.jpg,y2k
y2k-clean-rescaled/1077.png,y2k
y2k-clean-rescaled/1370.jpg,y2k
y2k-clean-rescaled/1105.jpg,y2k
y2k-clean-rescaled/1349.jpg,y2k
y2k-clean-rescaled/1204.png,y2k
y2k-clean-rescaled/1297.jpg,y2k
y2k-clean-rescaled/1186.jpg,y2k
y2k-clean-rescaled/1375.jpg,y2k
y2k-clean-rescaled/1290.jpg,y2k
y2k-clean-rescaled/1112.png,y2k
y2k-clean-rescaled/1291.jpg,y2k
y2k-clean-rescaled/1153.jpeg,y2k
y2k-clean-rescaled/1161.jpg,y2k
y2k-clean-rescaled/1302.jpg,y2k
y2k-clean-rescaled/1116.jpg,y2k
cottagecore-clean-rescaled/388.jpg,cottagecore
cottagecore-clean-rescaled/423.jpg,cottagecore
cottagecore-clean-rescaled/378.jpg,cottagecore
cottagecore-clean-rescaled/640.jpg,cottagecore
cottagecore-clean-rescaled/691.jpg,cottagecore
cottagecore-clean-rescaled/468.jpeg,cottagecore
cottagecore-clean-rescaled/621.jpg,cottagecore
cottagecore-clean-rescaled/401.jpg,cottagecore
cottagecore-clean-rescaled/591.jpg,cottagecore
cottagecore-clean-rescaled/546.jpg,cottagecore
cottagecore-clean-rescaled/442.jpeg,cottagecore
cottagecore-clean-rescaled/526.png,cottagecore
cottagecore-clean-rescaled/376.jpg,cottagecore
cottagecore-clean-rescaled/393.jpg,cottagecore
cottagecore-clean-rescaled/534.jpg,cottagecore
cottagecore-clean-rescaled/651.jpg,cottagecore
cottagecore-clean-rescaled/484.jpeg,cottagecore
cottagecore-clean-rescaled/666.jpg,cottagecore
cottagecore-clean-rescaled/576.jpg,cottagecore
cottagecore-clean-rescaled/637.jpg,cottagecore
cottagecore-clean-rescaled/522.jpg,cottagecore
cottagecore-clean-rescaled/453.png,cottagecore
cottagecore-clean-rescaled/454.png,cottagecore
cottagecore-clean-rescaled/390.jpg,cottagecore
cottagecore-clean-rescaled/452.png,cottagecore
cottagecore-clean-rescaled/487.jpg,cottagecore
cottagecore-clean-rescaled/696.png,cottagecore
cottagecore-clean-rescaled/485.jpeg,cottagecore
cottagecore-clean-rescaled/450.png,cottagecore
cottagecore-clean-rescaled/481.jpeg,cottagecore
cottagecore-clean-rescaled/611.jpg,cottagecore
cottagecore-clean-rescaled/645.jpg,cottagecore
cottagecore-clean-rescaled/433.jpeg,cottagecore
cottagecore-clean-rescaled/447.jpeg,cottagecore
cottagecore-clean-rescaled/590.jpg,cottagecore
cottagecore-clean-rescaled/688.jpg,cottagecore
cottagecore-clean-rescaled/556.jpg,cottagecore
cottagecore-clean-rescaled/662.jpg,cottagecore
cottagecore-clean-rescaled/455.png,cottagecore
cottagecore-clean-rescaled/644.jpg,cottagecore
cottagecore-clean-rescaled/593.jpg,cottagecore
cottagecore-clean-rescaled/654.png,cottagecore
cottagecore-clean-rescaled/352.png,cottagecore
cottagecore-clean-rescaled/560.jpg,cottagecore
cottagecore-clean-rescaled/604.jpg,cottagecore
cottagecore-clean-rescaled/692.jpg,cottagecore
cottagecore-clean-rescaled/550.jpg,cottagecore
cottagecore-clean-rescaled/424.jpg,cottagecore
cottagecore-clean-rescaled/586.png,cottagecore
cottagecore-clean-rescaled/445.jpeg,cottagecore
cottagecore-clean-rescaled/603.jpg,cottagecore
cottagecore-clean-rescaled/488.jpg,cottagecore
cottagecore-clean-rescaled/491.png,cottagecore
cottagecore-clean-rescaled/580.jpg,cottagecore
cottagecore-clean-rescaled/589.jpg,cottagecore
cottagecore-clean-rescaled/575.jpg,cottagecore
cottagecore-clean-rescaled/631.png,cottagecore
cottagecore-clean-rescaled/699.jpg,cottagecore
cottagecore-clean-rescaled/498.png,cottagecore
cottagecore-clean-rescaled/480.jpeg,cottagecore
cottagecore-clean-rescaled/665.jpg,cottagecore
cottagecore-clean-rescaled/530.jpg,cottagecore
cottagecore-clean-rescaled/523.jpg,cottagecore
cottagecore-clean-rescaled/689.jpg,cottagecore
cottagecore-clean-rescaled/663.jpg,cottagecore
cottagecore-clean-rescaled/562.jpg,cottagecore
cottagecore-clean-rescaled/554.jpg,cottagecore
cottagecore-clean-rescaled/425.jpg,cottagecore
cottagecore-clean-rescaled/529.jpg,cottagecore
cottagecore-clean-rescaled/499.png,cottagecore
cottagecore-clean-rescaled/467.jpeg,cottagecore
cottagecore-clean-rescaled/489.jpg,cottagecore
cottagecore-clean-rescaled/682.jpg,cottagecore
cottagecore-clean-rescaled/670.jpg,cottagecore
cottagecore-clean-rescaled/655.png,cottagecore
cottagecore-clean-rescaled/443.jpeg,cottagecore
cottagecore-clean-rescaled/583.jpg,cottagecore
cottagecore-clean-rescaled/669.jpg,cottagecore
cottagecore-clean-rescaled/444.jpeg,cottagecore
cottagecore-clean-rescaled/557.jpg,cottagecore
cottagecore-clean-rescaled/538.jpg,cottagecore
cottagecore-clean-rescaled/585.jpg,cottagecore
cottagecore-clean-rescaled/422.jpg,cottagecore
cottagecore-clean-rescaled/379.jpg,cottagecore
cottagecore-clean-rescaled/446.jpeg,cottagecore
cottagecore-clean-rescaled/596.png,cottagecore
cottagecore-clean-rescaled/391.jpg,cottagecore
cottagecore-clean-rescaled/594.png,cottagecore
cottagecore-clean-rescaled/451.png,cottagecore
cottagecore-clean-rescaled/547.jpg,cottagecore
cottagecore-clean-rescaled/398.jpg,cottagecore
cottagecore-clean-rescaled/528.jpg,cottagecore
cottagecore-clean-rescaled/656.jpg,cottagecore
cottagecore-clean-rescaled/582.jpg,cottagecore
cottagecore-clean-rescaled/674.jpg,cottagecore
cottagecore-clean-rescaled/506.png,cottagecore
cottagecore-clean-rescaled/630.jpg,cottagecore
cottagecore-clean-rescaled/584.jpg,cottagecore
cottagecore-clean-rescaled/435.jpeg,cottagecore
cottagecore-clean-rescaled/495.jpg,cottagecore
cottagecore-clean-rescaled/476.jpeg,cottagecore
cottagecore-clean-rescaled/633.png,cottagecore
cottagecore-clean-rescaled/634.jpg,cottagecore
cottagecore-clean-rescaled/428.jpeg,cottagecore
cottagecore-clean-rescaled/356.jpg,cottagecore
cottagecore-clean-rescaled/449.png,cottagecore
cottagecore-clean-rescaled/490.jpg,cottagecore
cottagecore-clean-rescaled/501.jpg,cottagecore
cottagecore-clean-rescaled/396.jpg,cottagecore
cottagecore-clean-rescaled/572.jpg,cottagecore
cottagecore-clean-rescaled/578.jpg,cottagecore
cottagecore-clean-rescaled/457.jpeg,cottagecore
cottagecore-clean-rescaled/448.jpeg,cottagecore
cottagecore-clean-rescaled/671.jpg,cottagecore
cottagecore-clean-rescaled/643.jpg,cottagecore
cottagecore-clean-rescaled/618.jpg,cottagecore
cottagecore-clean-rescaled/512.jpg,cottagecore
cottagecore-clean-rescaled/667.jpg,cottagecore
cottagecore-clean-rescaled/597.jpg,cottagecore
cottagecore-clean-rescaled/602.jpg,cottagecore
cottagecore-clean-rescaled/514.jpg,cottagecore
cottagecore-clean-rescaled/358.jpg,cottagecore
cottagecore-clean-rescaled/574.jpg,cottagecore
cottagecore-clean-rescaled/510.jpg,cottagecore
cottagecore-clean-rescaled/493.jpg,cottagecore
cottagecore-clean-rescaled/629.jpg,cottagecore
cottagecore-clean-rescaled/628.jpg,cottagecore
cottagecore-clean-rescaled/436.jpeg,cottagecore
cottagecore-clean-rescaled/394.jpg,cottagecore
cottagecore-clean-rescaled/478.jpeg,cottagecore
cottagecore-clean-rescaled/508.jpg,cottagecore
cottagecore-clean-rescaled/559.jpg,cottagecore
cottagecore-clean-rescaled/415.png,cottagecore
cottagecore-clean-rescaled/687.jpg,cottagecore
cottagecore-clean-rescaled/614.jpg,cottagecore
cottagecore-clean-rescaled/548.jpg,cottagecore
cottagecore-clean-rescaled/392.jpg,cottagecore
cottagecore-clean-rescaled/622.jpg,cottagecore
cottagecore-clean-rescaled/430.jpeg,cottagecore
cottagecore-clean-rescaled/664.jpg,cottagecore
cottagecore-clean-rescaled/531.jpg,cottagecore
cottagecore-clean-rescaled/465.jpeg,cottagecore
cottagecore-clean-rescaled/617.jpg,cottagecore
cottagecore-clean-rescaled/429.jpeg,cottagecore
cottagecore-clean-rescaled/615.png,cottagecore
cottagecore-clean-rescaled/427.jpeg,cottagecore
cottagecore-clean-rescaled/541.png,cottagecore
cottagecore-clean-rescaled/414.jpg,cottagecore
cottagecore-clean-rescaled/459.jpeg,cottagecore
cottagecore-clean-rescaled/681.jpg,cottagecore
cottagecore-clean-rescaled/563.jpg,cottagecore
cottagecore-clean-rescaled/553.jpg,cottagecore
cottagecore-clean-rescaled/373.jpg,cottagecore
cottagecore-clean-rescaled/561.jpg,cottagecore
cottagecore-clean-rescaled/567.png,cottagecore
cottagecore-clean-rescaled/573.jpg,cottagecore
cottagecore-clean-rescaled/355.jpg,cottagecore
cottagecore-clean-rescaled/409.jpg,cottagecore
cottagecore-clean-rescaled/610.jpg,cottagecore
cottagecore-clean-rescaled/411.jpg,cottagecore
cottagecore-clean-rescaled/471.jpeg,cottagecore
cottagecore-clean-rescaled/616.jpg,cottagecore
cottagecore-clean-rescaled/369.jpg,cottagecore
cottagecore-clean-rescaled/525.jpg,cottagecore
cottagecore-clean-rescaled/359.jpg,cottagecore
cottagecore-clean-rescaled/658.jpg,cottagecore
cottagecore-clean-rescaled/678.jpg,cottagecore
cottagecore-clean-rescaled/403.jpg,cottagecore
cottagecore-clean-rescaled/660.jpg,cottagecore
cottagecore-clean-rescaled/601.jpg,cottagecore
cottagecore-clean-rescaled/677.jpg,cottagecore
cottagecore-clean-rescaled/470.jpeg,cottagecore
cottagecore-clean-rescaled/408.jpg,cottagecore
cottagecore-clean-rescaled/686.png,cottagecore
cottagecore-clean-rescaled/458.jpeg,cottagecore
cottagecore-clean-rescaled/632.jpg,cottagecore
cottagecore-clean-rescaled/503.jpg,cottagecore
cottagecore-clean-rescaled/368.jpg,cottagecore
cottagecore-clean-rescaled/694.jpg,cottagecore
cottagecore-clean-rescaled/472.jpeg,cottagecore
cottagecore-clean-rescaled/535.jpg,cottagecore
cottagecore-clean-rescaled/652.jpg,cottagecore
cottagecore-clean-rescaled/417.png,cottagecore
cottagecore-clean-rescaled/383.jpg,cottagecore
cottagecore-clean-rescaled/437.jpeg,cottagecore
cottagecore-clean-rescaled/365.jpg,cottagecore
cottagecore-clean-rescaled/690.jpg,cottagecore
cottagecore-clean-rescaled/515.jpg,cottagecore
cottagecore-clean-rescaled/532.jpg,cottagecore
cottagecore-clean-rescaled/363.jpg,cottagecore
cottagecore-clean-rescaled/406.jpg,cottagecore
cottagecore-clean-rescaled/494.png,cottagecore
cottagecore-clean-rescaled/564.jpg,cottagecore
cottagecore-clean-rescaled/492.jpg,cottagecore
cottagecore-clean-rescaled/399.jpg,cottagecore
cottagecore-clean-rescaled/513.jpg,cottagecore
cottagecore-clean-rescaled/623.jpg,cottagecore
cottagecore-clean-rescaled/620.jpg,cottagecore
cottagecore-clean-rescaled/357.png,cottagecore
cottagecore-clean-rescaled/571.jpg,cottagecore
cottagecore-clean-rescaled/588.jpg,cottagecore
cottagecore-clean-rescaled/402.jpg,cottagecore
cottagecore-clean-rescaled/360.jpg,cottagecore
cottagecore-clean-rescaled/540.jpg,cottagecore
cottagecore-clean-rescaled/613.jpg,cottagecore
cottagecore-clean-rescaled/600.jpg,cottagecore
cottagecore-clean-rescaled/381.jpg,cottagecore
cottagecore-clean-rescaled/412.jpg,cottagecore
cottagecore-clean-rescaled/685.jpg,cottagecore
cottagecore-clean-rescaled/537.jpg,cottagecore
cottagecore-clean-rescaled/440.jpeg,cottagecore
cottagecore-clean-rescaled/516.jpg,cottagecore
cottagecore-clean-rescaled/500.jpg,cottagecore
cottagecore-clean-rescaled/521.jpg,cottagecore
cottagecore-clean-rescaled/569.jpg,cottagecore
cottagecore-clean-rescaled/387.png,cottagecore
cottagecore-clean-rescaled/382.png,cottagecore
cottagecore-clean-rescaled/524.jpg,cottagecore
cottagecore-clean-rescaled/426.jpeg,cottagecore
cottagecore-clean-rescaled/507.jpg,cottagecore
cottagecore-clean-rescaled/551.jpg,cottagecore
cottagecore-clean-rescaled/404.png,cottagecore
cottagecore-clean-rescaled/566.jpg,cottagecore
cottagecore-clean-rescaled/486.png,cottagecore
cottagecore-clean-rescaled/482.jpeg,cottagecore
cottagecore-clean-rescaled/509.jpg,cottagecore
cottagecore-clean-rescaled/679.jpg,cottagecore
cottagecore-clean-rescaled/464.jpeg,cottagecore
cottagecore-clean-rescaled/466.jpeg,cottagecore
cottagecore-clean-rescaled/520.jpg,cottagecore
cottagecore-clean-rescaled/351.jpg,cottagecore
cottagecore-clean-rescaled/517.jpg,cottagecore
cottagecore-clean-rescaled/577.jpg,cottagecore
cottagecore-clean-rescaled/657.jpg,cottagecore
cottagecore-clean-rescaled/456.jpeg,cottagecore
cottagecore-clean-rescaled/544.jpg,cottagecore
cottagecore-clean-rescaled/384.jpg,cottagecore
cottagecore-clean-rescaled/659.jpg,cottagecore
cottagecore-clean-rescaled/374.jpg,cottagecore
cottagecore-clean-rescaled/353.jpg,cottagecore
cottagecore-clean-rescaled/595.png,cottagecore
cottagecore-clean-rescaled/672.jpg,cottagecore
cottagecore-clean-rescaled/680.jpg,cottagecore
cottagecore-clean-rescaled/661.jpg,cottagecore
cottagecore-clean-rescaled/497.jpg,cottagecore
cottagecore-clean-rescaled/641.jpg,cottagecore
cottagecore-clean-rescaled/642.jpg,cottagecore
cottagecore-clean-rescaled/395.jpg,cottagecore
cottagecore-clean-rescaled/552.jpg,cottagecore
cottagecore-clean-rescaled/598.jpg,cottagecore
cottagecore-clean-rescaled/420.png,cottagecore
cottagecore-clean-rescaled/377.jpg,cottagecore
cottagecore-clean-rescaled/635.jpg,cottagecore
cottagecore-clean-rescaled/527.png,cottagecore
cottagecore-clean-rescaled/397.jpg,cottagecore
cottagecore-clean-rescaled/581.png,cottagecore
cottagecore-clean-rescaled/511.jpg,cottagecore
cottagecore-clean-rescaled/587.jpg,cottagecore
cottagecore-clean-rescaled/607.jpg,cottagecore
cottagecore-clean-rescaled/542.png,cottagecore
cottagecore-clean-rescaled/364.jpg,cottagecore
cottagecore-clean-rescaled/366.jpg,cottagecore
cottagecore-clean-rescaled/362.jpg,cottagecore
cottagecore-clean-rescaled/606.jpg,cottagecore
cottagecore-clean-rescaled/407.jpg,cottagecore
cottagecore-clean-rescaled/675.jpg,cottagecore
cottagecore-clean-rescaled/386.png,cottagecore
cottagecore-clean-rescaled/673.jpg,cottagecore
cottagecore-clean-rescaled/698.jpg,cottagecore
cottagecore-clean-rescaled/418.jpg,cottagecore
cottagecore-clean-rescaled/502.jpg,cottagecore
cottagecore-clean-rescaled/539.jpg,cottagecore
cottagecore-clean-rescaled/605.jpg,cottagecore
cottagecore-clean-rescaled/638.jpg,cottagecore
cottagecore-clean-rescaled/568.jpg,cottagecore
cottagecore-clean-rescaled/543.jpg,cottagecore
alt-clean-rescaled/887.jpg,alt
alt-clean-rescaled/966.jpg,alt
alt-clean-rescaled/950.jpg,alt
alt-clean-rescaled/954.jpg,alt
alt-clean-rescaled/862.jpg,alt
alt-clean-rescaled/936.jpg,alt
alt-clean-rescaled/744.jpg,alt
alt-clean-rescaled/923.jpg,alt
alt-clean-rescaled/896.jpg,alt
alt-clean-rescaled/786.jpg,alt
alt-clean-rescaled/777.jpg,alt
alt-clean-rescaled/702.jpg,alt
alt-clean-rescaled/1042.jpg,alt
alt-clean-rescaled/764.jpg,alt
alt-clean-rescaled/967.jpg,alt
alt-clean-rescaled/849.jpg,alt
alt-clean-rescaled/1021.jpg,alt
alt-clean-rescaled/780.jpg,alt
alt-clean-rescaled/722.jpg,alt
alt-clean-rescaled/1035.jpg,alt
alt-clean-rescaled/904.jpg,alt
alt-clean-rescaled/944.jpg,alt
alt-clean-rescaled/1046.jpg,alt
alt-clean-rescaled/864.jpg,alt
alt-clean-rescaled/892.jpg,alt
alt-clean-rescaled/926.jpg,alt
alt-clean-rescaled/981.jpg,alt
alt-clean-rescaled/721.jpg,alt
alt-clean-rescaled/839.jpg,alt
alt-clean-rescaled/927.jpg,alt
alt-clean-rescaled/1050.jpg,alt
alt-clean-rescaled/743.jpg,alt
alt-clean-rescaled/970.jpg,alt
alt-clean-rescaled/955.jpg,alt
alt-clean-rescaled/921.jpg,alt
alt-clean-rescaled/825.jpg,alt
alt-clean-rescaled/956.jpg,alt
alt-clean-rescaled/957.jpg,alt
alt-clean-rescaled/847.jpg,alt
alt-clean-rescaled/989.jpg,alt
alt-clean-rescaled/958.jpg,alt
alt-clean-rescaled/1020.jpg,alt
alt-clean-rescaled/1010.jpg,alt
alt-clean-rescaled/1031.jpg,alt
alt-clean-rescaled/813.jpeg,alt
alt-clean-rescaled/738.jpg,alt
alt-clean-rescaled/859.jpg,alt
alt-clean-rescaled/850.jpg,alt
alt-clean-rescaled/829.jpg,alt
alt-clean-rescaled/783.jpg,alt
alt-clean-rescaled/988.jpg,alt
alt-clean-rescaled/971.jpg,alt
alt-clean-rescaled/822.png,alt
alt-clean-rescaled/964.jpg,alt
alt-clean-rescaled/736.jpg,alt
alt-clean-rescaled/931.jpg,alt
alt-clean-rescaled/834.jpg,alt
alt-clean-rescaled/908.jpg,alt
alt-clean-rescaled/857.jpg,alt
alt-clean-rescaled/1028.jpg,alt
alt-clean-rescaled/851.jpg,alt
alt-clean-rescaled/763.jpg,alt
alt-clean-rescaled/717.jpg,alt
alt-clean-rescaled/984.jpg,alt
alt-clean-rescaled/1013.jpg,alt
alt-clean-rescaled/814.jpeg,alt
alt-clean-rescaled/821.jpeg,alt
alt-clean-rescaled/1037.jpg,alt
alt-clean-rescaled/768.jpg,alt
alt-clean-rescaled/863.jpg,alt
alt-clean-rescaled/804.jpeg,alt
alt-clean-rescaled/752.jpg,alt
alt-clean-rescaled/816.jpeg,alt
alt-clean-rescaled/906.jpg,alt
alt-clean-rescaled/948.jpg,alt
alt-clean-rescaled/807.jpeg,alt
alt-clean-rescaled/801.jpeg,alt
alt-clean-rescaled/1045.jpg,alt
alt-clean-rescaled/707.jpg,alt
alt-clean-rescaled/979.jpg,alt
alt-clean-rescaled/972.jpg,alt
alt-clean-rescaled/1015.jpg,alt
alt-clean-rescaled/1029.jpg,alt
alt-clean-rescaled/1036.jpg,alt
alt-clean-rescaled/1027.jpg,alt
alt-clean-rescaled/1004.jpg,alt
alt-clean-rescaled/946.jpg,alt
alt-clean-rescaled/855.jpg,alt
alt-clean-rescaled/1024.jpg,alt
alt-clean-rescaled/870.jpg,alt
alt-clean-rescaled/751.jpg,alt
alt-clean-rescaled/746.jpg,alt
alt-clean-rescaled/757.jpg,alt
alt-clean-rescaled/755.jpg,alt
alt-clean-rescaled/830.jpg,alt
alt-clean-rescaled/725.jpg,alt
alt-clean-rescaled/877.jpg,alt
alt-clean-rescaled/848.jpg,alt
alt-clean-rescaled/1011.jpg,alt
alt-clean-rescaled/881.jpg,alt
alt-clean-rescaled/1022.jpg,alt
alt-clean-rescaled/1018.jpg,alt
alt-clean-rescaled/831.jpg,alt
alt-clean-rescaled/790.png,alt
alt-clean-rescaled/798.jpeg,alt
alt-clean-rescaled/756.jpg,alt
alt-clean-rescaled/837.jpg,alt
alt-clean-rescaled/796.jpeg,alt
alt-clean-rescaled/772.jpg,alt
alt-clean-rescaled/784.jpg,alt
alt-clean-rescaled/860.jpg,alt
alt-clean-rescaled/761.jpg,alt
alt-clean-rescaled/1009.jpg,alt
alt-clean-rescaled/852.jpg,alt
alt-clean-rescaled/983.jpg,alt
alt-clean-rescaled/960.jpg,alt
alt-clean-rescaled/875.jpg,alt
alt-clean-rescaled/1003.jpg,alt
alt-clean-rescaled/869.jpg,alt
alt-clean-rescaled/978.jpg,alt
alt-clean-rescaled/789.png,alt
alt-clean-rescaled/747.jpg,alt
alt-clean-rescaled/779.jpg,alt
alt-clean-rescaled/701.jpg,alt
alt-clean-rescaled/940.jpg,alt
alt-clean-rescaled/720.jpg,alt
alt-clean-rescaled/924.jpg,alt
alt-clean-rescaled/930.jpg,alt
alt-clean-rescaled/778.jpg,alt
alt-clean-rescaled/976.jpg,alt
alt-clean-rescaled/741.jpg,alt
alt-clean-rescaled/802.jpeg,alt
alt-clean-rescaled/818.jpeg,alt
alt-clean-rescaled/953.jpg,alt
alt-clean-rescaled/842.jpg,alt
alt-clean-rescaled/872.jpg,alt
alt-clean-rescaled/945.jpg,alt
alt-clean-rescaled/985.jpg,alt
alt-clean-rescaled/882.jpg,alt
alt-clean-rescaled/996.jpg,alt
alt-clean-rescaled/935.jpg,alt
alt-clean-rescaled/810.jpeg,alt
alt-clean-rescaled/968.jpg,alt
alt-clean-rescaled/742.jpg,alt
alt-clean-rescaled/1007.jpg,alt
alt-clean-rescaled/819.jpeg,alt
alt-clean-rescaled/1017.jpg,alt
alt-clean-rescaled/711.jpg,alt
alt-clean-rescaled/835.jpg,alt
alt-clean-rescaled/838.jpg,alt
alt-clean-rescaled/912.jpg,alt
alt-clean-rescaled/922.jpg,alt
alt-clean-rescaled/995.jpg,alt
alt-clean-rescaled/1026.jpg,alt
alt-clean-rescaled/934.jpg,alt
alt-clean-rescaled/885.jpg,alt
alt-clean-rescaled/878.jpg,alt
alt-clean-rescaled/843.jpg,alt
alt-clean-rescaled/858.jpg,alt
alt-clean-rescaled/754.jpg,alt
alt-clean-rescaled/832.jpg,alt
alt-clean-rescaled/704.jpg,alt
alt-clean-rescaled/891.jpg,alt
alt-clean-rescaled/876.png,alt
alt-clean-rescaled/820.jpeg,alt
alt-clean-rescaled/709.jpg,alt
alt-clean-rescaled/920.jpg,alt
alt-clean-rescaled/854.jpg,alt
alt-clean-rescaled/791.png,alt
alt-clean-rescaled/1038.jpg,alt
alt-clean-rescaled/712.jpg,alt
alt-clean-rescaled/753.jpg,alt
alt-clean-rescaled/737.jpg,alt
alt-clean-rescaled/794.jpeg,alt
alt-clean-rescaled/808.jpeg,alt
alt-clean-rescaled/1047.jpg,alt
alt-clean-rescaled/805.jpeg,alt
alt-clean-rescaled/884.jpg,alt
alt-clean-rescaled/899.jpg,alt
alt-clean-rescaled/729.jpg,alt
alt-clean-rescaled/765.jpg,alt
alt-clean-rescaled/806.jpeg,alt
alt-clean-rescaled/716.jpg,alt
alt-clean-rescaled/1025.jpg,alt
alt-clean-rescaled/868.jpg,alt
alt-clean-rescaled/993.jpg,alt
alt-clean-rescaled/730.jpg,alt
alt-clean-rescaled/959.jpg,alt
alt-clean-rescaled/974.jpg,alt
alt-clean-rescaled/925.jpg,alt
alt-clean-rescaled/723.jpg,alt
alt-clean-rescaled/1012.jpg,alt
alt-clean-rescaled/799.jpeg,alt
alt-clean-rescaled/897.jpg,alt
alt-clean-rescaled/865.jpg,alt
alt-clean-rescaled/771.jpg,alt
alt-clean-rescaled/894.jpg,alt
alt-clean-rescaled/823.jpg,alt
alt-clean-rescaled/917.jpg,alt
alt-clean-rescaled/913.jpg,alt
alt-clean-rescaled/900.jpg,alt
alt-clean-rescaled/760.jpg,alt
alt-clean-rescaled/1034.jpg,alt
alt-clean-rescaled/745.jpg,alt
alt-clean-rescaled/1049.jpg,alt
alt-clean-rescaled/812.jpeg,alt
alt-clean-rescaled/861.jpg,alt
alt-clean-rescaled/909.jpg,alt
alt-clean-rescaled/728.jpg,alt
alt-clean-rescaled/1008.jpg,alt
alt-clean-rescaled/986.jpg,alt
alt-clean-rescaled/840.jpg,alt
alt-clean-rescaled/1019.jpg,alt
alt-clean-rescaled/1016.jpg,alt
alt-clean-rescaled/774.jpg,alt
alt-clean-rescaled/748.jpg,alt
alt-clean-rescaled/836.jpg,alt
alt-clean-rescaled/841.jpg,alt
alt-clean-rescaled/965.jpg,alt
alt-clean-rescaled/880.jpg,alt
alt-clean-rescaled/732.jpg,alt
alt-clean-rescaled/758.jpg,alt
alt-clean-rescaled/951.jpg,alt
alt-clean-rescaled/773.png,alt
alt-clean-rescaled/991.jpg,alt
alt-clean-rescaled/1041.jpg,alt
alt-clean-rescaled/759.jpg,alt
alt-clean-rescaled/987.jpg,alt
alt-clean-rescaled/710.jpg,alt
alt-clean-rescaled/890.jpg,alt
alt-clean-rescaled/883.jpg,alt
alt-clean-rescaled/886.jpg,alt
alt-clean-rescaled/750.jpg,alt
alt-clean-rescaled/895.jpg,alt
alt-clean-rescaled/1044.jpg,alt
alt-clean-rescaled/853.jpg,alt
alt-clean-rescaled/788.png,alt
alt-clean-rescaled/963.jpg,alt
alt-clean-rescaled/1005.jpg,alt
alt-clean-rescaled/910.jpg,alt
alt-clean-rescaled/973.jpg,alt
alt-clean-rescaled/874.jpg,alt
alt-clean-rescaled/938.jpg,alt
alt-clean-rescaled/879.jpg,alt
alt-clean-rescaled/998.jpg,alt
alt-clean-rescaled/942.jpg,alt
alt-clean-rescaled/767.jpg,alt
alt-clean-rescaled/708.jpg,alt
alt-clean-rescaled/949.jpg,alt
alt-clean-rescaled/932.jpg,alt
alt-clean-rescaled/793.jpeg,alt
alt-clean-rescaled/1006.jpg,alt
alt-clean-rescaled/844.jpg,alt
alt-clean-rescaled/795.jpeg,alt
alt-clean-rescaled/740.jpg,alt
alt-clean-rescaled/1033.jpg,alt
alt-clean-rescaled/776.jpg,alt
alt-clean-rescaled/734.jpg,alt
alt-clean-rescaled/1032.jpg,alt
alt-clean-rescaled/718.jpg,alt
alt-clean-rescaled/815.jpeg,alt
alt-clean-rescaled/785.jpg,alt
alt-clean-rescaled/739.jpg,alt
alt-clean-rescaled/939.jpg,alt
alt-clean-rescaled/907.jpg,alt
alt-clean-rescaled/928.jpg,alt
alt-clean-rescaled/800.jpeg,alt
alt-clean-rescaled/714.jpg,alt
alt-clean-rescaled/733.jpg,alt
alt-clean-rescaled/943.jpg,alt
alt-clean-rescaled/997.jpg,alt
alt-clean-rescaled/911.jpg,alt
alt-clean-rescaled/982.jpg,alt
alt-clean-rescaled/845.jpg,alt
alt-clean-rescaled/705.jpg,alt
alt-clean-rescaled/770.jpg,alt
alt-clean-rescaled/826.jpg,alt
alt-clean-rescaled/803.jpeg,alt
alt-clean-rescaled/735.jpg,alt
